Retention Time (min),Signal (arb. units)
0,2.79416478606977e-59
0.005,2.38775309431438e-58
0.01,2.007840294811e-57
0.015,1.66138873960082e-56
0.02,1.35274428315942e-55
0.025,1.08383332320278e-54
0.03,8.54499158979535e-54
0.035,6.62923061555907e-53
0.04,5.06077422716673e-52